,Start,End
0,2020-06-06 20:55:26.934757,2020-06-06 20:55:28.325141
1,2020-06-06 20:55:30.166225,2020-06-06 20:55:33.220028
2,2020-06-06 20:55:33.365285,2020-06-06 20:55:34.065332
3,2020-06-06 20:55:34.374436,2020-06-06 20:55:34.885385
4,2020-06-06 20:55:36.250331,2020-06-06 20:55:39.752778
5,2020-06-06 20:55:39.815713,2020-06-06 20:55:39.895963
6,2020-06-06 20:55:41.464808,2020-06-06 20:55:41.498084
7,2020-06-06 20:55:41.559951,2020-06-06 20:55:41.584984
8,2020-06-06 20:55:41.622922,2020-06-06 20:55:41.864833
9,2020-06-06 20:55:41.898064,2020-06-06 20:55:42.037292
10,2020-06-06 20:55:42.072289,2020-06-06 20:55:43.827756
11,2020-06-06 20:55:44.375222,2020-06-06 20:55:44.407833
12,2020-06-06 20:55:44.552706,2020-06-06 20:55:46.244494
13,2020-06-06 20:55:46.280992,2020-06-06 20:55:46.327867
14,2020-06-06 20:55:46.392736,2020-06-06 20:55:46.424344
15,2020-06-06 20:55:46.454342,2020-06-06 20:55:46.484511
16,2020-06-06 20:55:48.662060,2020-06-06 20:55:48.697057
17,2020-06-06 20:55:48.839538,2020-06-06 20:55:48.870559
18,2020-06-06 20:55:51.732955,2020-06-06 20:55:52.550927
